Model,Test_Accuracy
CNN_v2_moreconv,0.7616999745368958
CNN_v1_base,0.7178000211715698
CNN_v3_aug_bn,0.27559998631477356
